{
  "actor_hidden_activation": "relu",
  "actor_hiddens": [
    400,
    300
  ],
  "actor_lr": 1e-05,
  "batch_mode": "truncate_episodes",
  "beta_annealing_fraction": 0.2,
  "buffer_size": 1000000,
  "callbacks": {
    "on_episode_end": "<function on_episode_end at 0x7ff9f90c37b8>",
    "on_episode_start": "<function on_episode_start at 0x7ff9f90c36a8>",
    "on_episode_step": "<function on_episode_step at 0x7ff9f90c3730>"
  },
  "clip_actions": true,
  "clip_rewards": false,
  "collect_metrics_timeout": 180,
  "compress_observations": false,
  "critic_hidden_activation": "relu",
  "critic_hiddens": [
    400,
    300
  ],
  "critic_lr": 1e-05,
  "custom_resources_per_worker": {},
  "eager": false,
  "eager_tracing": false,
  "env": "Bayesian1Env-v0",
  "env_config": {
    "flow_params": "{\n    \"env\": {\n        \"additional_params\": {\n            \"max_accel\": 2.6,\n            \"max_decel\": 4.5,\n            \"max_num_objects\": 3,\n            \"search_radius\": 50,\n            \"target_velocity\": 25\n        },\n        \"clip_actions\": true,\n        \"evaluate\": false,\n        \"horizon\": 500,\n        \"sims_per_step\": 1,\n        \"warmup_steps\": 0\n    },\n    \"env_name\": \"flow.envs.multiagent.bayesian_1_env.Bayesian1Env\",\n    \"exp_tag\": \"bayesian_1_env\",\n    \"initial\": {\n        \"additional_params\": {},\n        \"bunching\": 0,\n        \"edges_distribution\": \"all\",\n        \"lanes_distribution\": Infinity,\n        \"min_gap\": 0,\n        \"perturbation\": 0.0,\n        \"shuffle\": false,\n        \"sidewalks\": true,\n        \"spacing\": \"custom\",\n        \"x0\": 0\n    },\n    \"net\": {\n        \"additional_params\": {\n            \"grid_array\": {\n                \"cars_bot\": 1,\n                \"cars_left\": 0,\n                \"cars_right\": 1,\n                \"cars_top\": 1,\n                \"col_num\": 1,\n                \"inner_length\": 50,\n                \"row_num\": 1\n            },\n            \"horizontal_lanes\": 1,\n            \"randomize_routes\": true,\n            \"speed_limit\": 35,\n            \"vertical_lanes\": 1\n        },\n        \"inflows\": {\n            \"_InFlows__flows\": []\n        },\n        \"osm_path\": null,\n        \"template\": null\n    },\n    \"network\": \"flow.networks.bayesian_1.Bayesian1Network\",\n    \"ped\": {\n        \"_PedestrianParams__pedestrians\": {},\n        \"ids\": [\n            \"ped_0\"\n        ],\n        \"num_pedestrians\": 1,\n        \"params\": {\n            \"ped_0\": {\n                \"arrivalPos\": \"43\",\n                \"depart\": \"0.00\",\n                \"departPos\": \"5\",\n                \"from\": \"(1.1)--(2.1)\",\n                \"id\": \"ped_0\",\n                \"to\": \"(2.1)--(1.1)\"\n            }\n        }\n    },\n    \"sim\": {\n        \"color_vehicles\": true,\n        \"emission_path\": null,\n        \"lateral_resolution\": null,\n        \"no_step_log\": true,\n        \"num_clients\": 1,\n        \"overtake_right\": false,\n        \"port\": null,\n        \"print_warnings\": true,\n        \"pxpm\": 2,\n        \"render\": false,\n        \"restart_instance\": true,\n        \"rllib_training\": false,\n        \"save_render\": false,\n        \"seed\": null,\n        \"show_radius\": false,\n        \"sight_radius\": 25,\n        \"sim_step\": 0.1,\n        \"teleport_time\": -1\n    },\n    \"simulator\": \"traci\",\n    \"veh\": [\n        {\n            \"acceleration_controller\": [\n                \"SimCarFollowingController\",\n                {}\n            ],\n            \"car_following_params\": {\n                \"controller_params\": {\n                    \"accel\": 2.6,\n                    \"carFollowModel\": \"IDM\",\n                    \"decel\": 7.5,\n                    \"impatience\": 0.5,\n                    \"maxSpeed\": 30,\n                    \"minGap\": 2.5,\n                    \"sigma\": 0.5,\n                    \"speedDev\": 0.1,\n                    \"speedFactor\": 1.0,\n                    \"tau\": 1.0\n                },\n                \"speed_mode\": 25\n            },\n            \"initial_speed\": 0,\n            \"lane_change_controller\": [\n                \"SimLaneChangeController\",\n                {}\n            ],\n            \"lane_change_params\": {\n                \"controller_params\": {\n                    \"laneChangeModel\": \"LC2013\",\n                    \"lcCooperative\": \"1.0\",\n                    \"lcKeepRight\": \"1.0\",\n                    \"lcSpeedGain\": \"1.0\",\n                    \"lcStrategic\": \"1.0\"\n                },\n                \"lane_change_mode\": 512\n            },\n            \"num_vehicles\": 0,\n            \"routing_controller\": [\n                \"GridRouter\",\n                {}\n            ],\n            \"veh_id\": \"human\"\n        },\n        {\n            \"acceleration_controller\": [\n                \"RLController\",\n                {}\n            ],\n            \"car_following_params\": {\n                \"controller_params\": {\n                    \"accel\": 2.6,\n                    \"carFollowModel\": \"IDM\",\n                    \"decel\": 4.5,\n                    \"impatience\": 0.5,\n                    \"maxSpeed\": 30,\n                    \"minGap\": 2.5,\n                    \"sigma\": 0.5,\n                    \"speedDev\": 0.1,\n                    \"speedFactor\": 1.0,\n                    \"tau\": 1.0\n                },\n                \"speed_mode\": 25\n            },\n            \"initial_speed\": 0,\n            \"lane_change_controller\": [\n                \"SimLaneChangeController\",\n                {}\n            ],\n            \"lane_change_params\": {\n                \"controller_params\": {\n                    \"laneChangeModel\": \"LC2013\",\n                    \"lcCooperative\": \"1.0\",\n                    \"lcKeepRight\": \"1.0\",\n                    \"lcSpeedGain\": \"1.0\",\n                    \"lcStrategic\": \"1.0\"\n                },\n                \"lane_change_mode\": 512\n            },\n            \"num_vehicles\": 3,\n            \"routing_controller\": [\n                \"GridRouter\",\n                {}\n            ],\n            \"veh_id\": \"rl\"\n        }\n    ]\n}",
    "run": "TD3"
  },
  "evaluation_config": {
    "exploration_final_eps": 0,
    "exploration_fraction": 0
  },
  "evaluation_interval": null,
  "evaluation_num_episodes": 10,
  "exploration_final_scale": 0.02,
  "exploration_fraction": 0.1,
  "exploration_gaussian_sigma": 0.1,
  "exploration_noise_type": "gaussian",
  "exploration_ou_noise_scale": 0.1,
  "exploration_ou_sigma": 0.2,
  "exploration_ou_theta": 0.15,
  "exploration_should_anneal": false,
  "final_prioritized_replay_beta": 0.4,
  "gamma": 0.999,
  "grad_norm_clipping": null,
  "horizon": 500,
  "huber_threshold": 1.0,
  "ignore_worker_failures": false,
  "input": "sampler",
  "input_evaluation": [
    "is",
    "wis"
  ],
  "l2_reg": 0.0,
  "learning_starts": 10000,
  "local_tf_session_args": {
    "inter_op_parallelism_threads": 8,
    "intra_op_parallelism_threads": 8
  },
  "log_level": "WARN",
  "log_sys_usage": true,
  "lr": 0.0001,
  "memory": 0,
  "memory_per_worker": 0,
  "metrics_smoothing_episodes": 100,
  "min_iter_time_s": 1,
  "model": {
    "conv_activation": "relu",
    "conv_filters": null,
    "custom_action_dist": null,
    "custom_model": null,
    "custom_options": {},
    "custom_preprocessor": null,
    "dim": 84,
    "fcnet_activation": "tanh",
    "fcnet_hiddens": [
      256,
      256
    ],
    "framestack": true,
    "free_log_std": false,
    "grayscale": false,
    "lstm_cell_size": 256,
    "lstm_use_prev_action_reward": false,
    "max_seq_len": 20,
    "no_final_linear": false,
    "state_shape": null,
    "use_lstm": false,
    "vf_share_layers": true,
    "zero_mean": true
  },
  "monitor": false,
  "multiagent": {
    "policies": {
      "av": [
        null,
        "Box(25,)",
        "Box(1,)",
        {}
      ]
    },
    "policies_to_train": [
      "av"
    ],
    "policy_mapping_fn": "<function setup_exps_TD3.<locals>.policy_mapping_fn at 0x7ff9f90f6158>"
  },
  "n_step": 1,
  "no_done_at_end": true,
  "no_eager_on_workers": false,
  "num_cpus_for_driver": 1,
  "num_cpus_per_worker": 1,
  "num_envs_per_worker": 1,
  "num_gpus": 0,
  "num_gpus_per_worker": 0,
  "num_workers": 0,
  "object_store_memory": 0,
  "object_store_memory_per_worker": 0,
  "observation_filter": "NoFilter",
  "optimizer": {},
  "output": null,
  "output_compress_columns": [
    "obs",
    "new_obs"
  ],
  "output_max_file_size": 67108864,
  "parameter_noise": false,
  "per_worker_exploration": false,
  "policy_delay": 2,
  "postprocess_inputs": false,
  "preprocessor_pref": "deepmind",
  "prioritized_replay": false,
  "prioritized_replay_alpha": 0.6,
  "prioritized_replay_beta": 0.4,
  "prioritized_replay_eps": 1e-06,
  "pure_exploration_steps": 10000,
  "remote_env_batch_wait_ms": 0,
  "remote_worker_envs": false,
  "sample_async": false,
  "sample_batch_size": 1,
  "schedule_max_timesteps": 100000,
  "seed": null,
  "shuffle_buffer_size": 0,
  "smooth_target_policy": true,
  "soft_horizon": false,
  "synchronize_filters": true,
  "target_network_update_freq": 0,
  "target_noise": 0.2,
  "target_noise_clip": 0.5,
  "tau": 0.005,
  "tf_session_args": {
    "allow_soft_placement": true,
    "device_count": {
      "CPU": 1
    },
    "gpu_options": {
      "allow_growth": true
    },
    "inter_op_parallelism_threads": 2,
    "intra_op_parallelism_threads": 2,
    "log_device_placement": false
  },
  "timesteps_per_iteration": 1000,
  "train_batch_size": 100,
  "twin_q": true,
  "use_huber": false,
  "use_state_preprocessor": false,
  "worker_side_prioritization": false
}